{"cameraMode":{"drawMode":0,"name":"Shaded","section":"Shading Mode"},"sceneLighting":true,"audioPlay":false,"sceneViewState":{"showFog":true,"showMaterialUpdate":false,"showSkybox":true,"showFlares":true,"showImageEffects":true,"showParticleSystems":true},"in2DMode":false,"pivot":{"x":-0.2395196408033371,"y":-2.5066545009613039,"z":-2.4881398677825929},"rotation":{"x":-0.002282050671055913,"y":-0.9062354564666748,"z":0.4227707087993622,"w":-0.0049039022997021679},"size":2.0321919918060304,"orthographic":false}