{"cameraMode":{"drawMode":0,"name":"Shaded","section":"Shading Mode"},"sceneLighting":true,"audioPlay":false,"sceneViewState":{"showFog":true,"showMaterialUpdate":false,"showSkybox":true,"showFlares":true,"showImageEffects":true,"showParticleSystems":true},"in2DMode":false,"pivot":{"x":-0.27419403195381167,"y":-1.9151637554168702,"z":-0.6116193532943726},"rotation":{"x":0.007175786420702934,"y":-0.7625388503074646,"z":0.6468561887741089,"w":0.00845748744904995},"size":1.2332851886749268,"orthographic":false}