{"cameraMode":{"drawMode":0,"name":"Shaded","section":"Shading Mode"},"sceneLighting":true,"audioPlay":false,"sceneViewState":{"showFog":true,"showMaterialUpdate":false,"showSkybox":true,"showFlares":true,"showImageEffects":true,"showParticleSystems":true},"in2DMode":false,"pivot":{"x":-0.2392389178276062,"y":0.709450364112854,"z":-0.19679173827171327},"rotation":{"x":0.0038046229165047409,"y":0.7970913052558899,"z":-0.6038280129432678,"w":0.005022985395044088},"size":0.10498599708080292,"orthographic":false}